Create schema Torrey2;
Use Torrey2;
Create table professors
(professors_id char(3) not null,
professors_name varchar(45) not null,
Constraint professors_pk primary key (professors_id))
Engine = innodb;
Insert into professors values
('001', 'Diane Vincent'),
('002', 'Adam Johnson'),
('003', 'Steve Porter'),
('004', 'Paul Spears'),
('005', 'Janelle Aijian'),
('006', 'Laurie Wilson'),
('007', 'Mark Makin'),
('008', 'Joe Henderson'),
('009', 'Alex Fogleman'),
('010', 'Alina Beary'),
('011', 'John Mark Reynolds'),
('012', 'Matthew Wright'),
('013', 'Allen Yeh'),
('014', 'Matt Jenson'),
('015', 'Stan Rosenburg'),
('016', 'Monica Cure'),
('017', 'Fred Sanders'),
('018', 'Robert Llizo'),
('019', 'Scott Hubbard'),
('020', 'Peter Kreeft'),
('021', 'Greg Peters'),
('022', 'David Horner'),
('023', 'Anselm Min'),
('024', 'Ryan Bradley'),
('025', 'Jane Kim'),
('026', 'Melissa Johnson'),
('027', 'Anthony Esolen'),
('028', 'Todd Thompson'),
('029', 'Ian Tuttle'),
('030', 'Jason Tresser'),
('031', 'Jamie Campbell'),
('032', 'Holly Ordway'),
('033', 'Jonathan Diaz'),
('034', 'Chris Mitchell'),
('035', 'Jonathan Kirkpatrick'),
('036', 'Sian Draycott'),
('037', 'Joshua Smith'),
('038', 'Dan Yim'),
('039', 'C. Stephen Evans'),
('040', 'Michael Ward'),
('041', 'Isaac Blois'),
('042', 'Walter Augustine'),
('043', 'Carl Toney'),
('044', 'George Hunsinger'),
('045', 'Clint Arnold'),
('046', 'Moyer Hubbard'),
('047', 'Joe Hellerman'),
('048', 'Darian Lockett'),
('049', 'Alan Hultberg'),
('050', 'Erik Thoennes'),
('051', 'Ed Curtis'),
('052', 'David Nystrom'),
('053', 'Robert Pogue Harrison'),
('054', 'Victor Davis Hanson'),
('055', 'Matt Van Hook'),
('056', 'Aaron Kleist'),
('057', 'Todd Pickett'),
('058', 'John Granger'),
('059', 'JP Moreland'),
('060', 'Lauren Winner'),
('061', 'Matthew Lee Anderson'),
('062', 'Dave Michelson'),
('063', 'John Bloom'),
('064', 'Peter David Gross'),
('065', 'Walt Harrah'),
('066', 'Ryan Messmore'),
('067', 'Jack Franicevich'),
('068', 'Joshua Sikora'),
('069', 'Ena Heller'),
('070', 'J.A.C. Redford'),
('071', 'Gavin Susantio'),
('072', 'Paul Barnes'),
('073', 'Kevin Stevenson'),
('074', 'Christie George'),
('075', 'Ellie Martin'),
('076', 'Malcolm Guite'),
('077', 'J Budziszewski'),
('078', 'Paul Rood'),
('079', 'Xidong Chen'),
('080', 'Joseph Hilbrant'),
('081', 'David Wilhite'),
('082', 'David Ciocchi'),
('083', 'Jared Stallones'),
('084', 'Philip Aijian');

Create table current 
(professors_id char(3) not null,
office_hours varchar(150),
Constraint current_pk primary key(professors_id),
CONSTRAINT professors_fk FOREIGN KEY(professors_id) REFERENCES professors(professors_id))
Engine=innodb;
Insert into current values
('001', 'https://go.oncehub.com/DianeVincent'),
('002', 'https://calendar.app.google/jL3kaDdjVuxercwL7'),
('005', 'https://calendar.app.google/1mYtPEtmymELCNqC9'),
('006', 'https://calendar.google.com/calendar/u/0/appointments/AcZssZ0WVGrvtRyI3-Robu7c2FpB_Z5Yg6bHrKmlVME='),
('007', 'https://calendar.app.google/RB1Z3HD56X3atB8P7'),
('008', 'https://calendar.app.google/hXbxSCdwQX6FGRnB9'),
('012', 'https://calendar.app.google/2MnjazkS2DYV6yT4A'),
('014', 'https://calendar.google.com/calendar/u/0/appointments/schedules/AcZssZ1bAvtoUbJxP6Cgj8WBINwNgPYJ1Y7hb_-5_ggNqaOzZ4uSMmMMv8IbPxkMVN4MZNeMnff-Addt'),
('017', 'https://calendar.app.google/3LDKuYc5UtncjJVr9'),
('021', 'https://calendar.app.google/rkdCdDcEg6hypoWH6'),
('025', 'https://calendar.google.com/calendar/u/0/appointments/schedules/AcZssZ1cP-S6j3mMwz-h8kFkyZ2hAQju7TbZkTis7eMYnp8puN-TIShyk2wgSms33fXTWj2-d_x3jdAO'),
('028', 'https://calendar.app.google/eZFyzjtH6GeNHint9'),
('036', 'https://calendar.app.google/jWR8MazvAu8EFDkK8'),
('037', 'https://calendar.app.google/rxS9J9LR5ZgF5dQZ8'),
('041', 'https://calendar.app.google/u7UQkNguDSbSBhGY6'),
('055', 'https://calendar.app.google/z6ihwTkPqYXZN4tu8'),
('074', 'https://calendar.app.google/o3ddt7YPActGQKuG7'),
('075', 'https://calendar.google.com/calendar/u/0/appointments/schedules/AcZssZ2NIzJaArIRCZS5Yin2fSEMtX8O9sUpDu_O4ysWrrCvy0QJXM3zkjxsnN_wFQEbTclNF7XvuaQq');

Create table genre
(genre_id char(2) not null,
genre_name varchar (30) not null,
Constraint genre_pk primary key(genre_id))
Engine = innodb;
Insert into Genre values
('01', 'Shakespeare'),
('02', 'theological anthropology'),
('03', 'Plato'),
('04', 'atonement'),
('05', 'Thucydides'),
('06', 'Bible'),
('07', 'epistemology'),
('08', 'Russian Lit'),
('09', 'morality'),
('10', 'classics'),
('11', 'greek and roman lit'),
('12', 'political philosophy'),
('13', 'british lit'),
('14', 'metaphysics'),
('15', 'religious philosophy'),
('16', 'Old Testament'),
('17', 'poetry'),
('18', 'natural law'),
('19', 'political science'),
('20', 'ecclesiology'),
('21', 'trinity'),
('22', 'doctrine'),
('23', 'art'),
('24', 'monasticism'),
('25', 'romanticism'),
('26', 'female authors'),
('27', 'church history'),
('28', 'American lit'),
('29', 'music'),
('30', 'national identity'),
('31', 'liberal arts'),
('32', 'New testament');


Create table current_genre
(professors_id char(3) not null,
genre_id char(2) not null,
Constraint professors_fk2 foreign key(professors_id)
References professors(professors_id),
Constraint genre_fk foreign key(genre_id)
REFERENCES genre(genre_id)
) Engine=innodb;

Insert into current_genre values
('012', '18'),
('012', '19'),
('014', '02'),
('014', '20'),
('017', '21'),
('017', '22'),
('017', '23'),
('017', '32'),
('021', '24'),
('021', '27'),
('021', '17'),
('021', '08'),
('025', '25'),
('025', '13'),
('025', '17'),
('025', '26'),
('028', '27'),
('028', '16'),
('028', '22'),
('036', '11'),
('036', '10'),
('037', '28'),
('037', '29'),
('037', '30'),
('037', '31'),
('041', '32'),
('041', '10'),
('055', '18'),
('055', '19'),
('055', '12'),
('055', '01'),
('074', '29'),
('074', '23'),
('075', '15'),
('075', '31');

Create table Book
(title varchar(50), 
id char(8) not null,
Author varchar(45),
CONSTRAINT id_pk PRIMARY KEY (id)
) Engine =innodb;


insert into Book values
('Nicomachean Ethics', 'ARINICOM', 'Aristotle'),
('The Bacchae', 'EURBACCH', 'Euripides'),
('The Iliad', 'HOMILIAD', 'Homer'),
('The Odyssey', 'HOMODYSS', 'Homer'),
('Meno', 'PLAMENOX', 'Plato'),
('Symposium', 'PLASYMPO', 'Plato'),
('Republic', 'PLAREPUB', 'Plato'),
('Timaeus', 'PLATIMAE', 'Plato'),
('Phaedo', 'PLAPHAED', 'Plato'),
('Oedipus the King', 'SOPOEDIP', 'Sophocles'),
('Antigone', 'SOPANTIG', 'Sophocles'),
('History of the Peloponnesian War', 'THUHISTO', 'Thucydides'),
('Confessions', 'AUGCONFE', 'Augustine'),
('Why God Became Man', 'ANSWHYGO', 'Anselm'),
('On Nature and Grace', 'AQUONNAT', 'Aquinas, Thomas'),
('On Loving God', 'BERONLOV', 'Bernard of Clairvaux'),
('Institutes of the Christian Religion', 'CALINSTI', 'Calvin, John'),
('The Heidelberg Catechism with Scripture Texts', 'UNKHEIDE', ''),
('Inferno', 'DANINFER', 'Dante'),
('Paradise', 'DANPARAD', 'Dante'),
('Purgatory', 'DANPURGA', 'Dante'),
('Selections from his Writings', 'LUTSELEC', 'Luther, Martin'),
('The Oresteia', 'AESOREST', 'Aeschylus'),
('Reflections on the Revolution in France', 'BURREFLE', 'Burke, Edmund'),
('The Napoleon of Notting Hill', 'CHENAPOL', 'Chesterton, G.K.'),
('The Brothers Karamazov', 'DOSBROTH', 'Dostoevsky, Fyodor'),
('The Portable Frederick Douglass', 'DOUPORTA', 'Douglass, Frederick'),
('A Raisin in the Sun', 'HANRAISI', 'Hansberry, Lorraine'),
('A Testament of Hope', 'KINTESTA', 'King, Martin Luther, Jr.'),
('His Speeches and Writings', 'LINHISSP', 'Lincoln, Abraham'),
('The Federalist Papers', 'UNKFEDER', ''),
('Henry V', 'SHAHENRY', 'Shakespeare, William'),
('Richard II', 'SHARICHA', 'Shakespeare, William'),
('Democracy in America', 'TOCDEMOC', 'Tocqueville, Alexis de'),
('The Declaration of Independence and Constitution', 'UNKDECLA', ''),
('On Christian Teaching', 'AUGONCHR', 'Augustine'),
('Pride and Prejudice', 'AUSPRIDE', 'Austen, Jane'),
('The Souls of Black Folk', 'DUBSOULS', 'Du Bois, W. E. B.'),
('Civilization and Its Discontents', 'FRECIVIL', 'Freud, Sigmund'),
('The Abolition of Man', 'LEWABOLI', 'Lewis, C. S.'),
('The Complete Stories', 'OCOCOMPL', 'O\'Connor, Flannery'),
('Anna Karenina', 'TOLANNAK', 'Tolstoy, Leo'),
('A Vindication of the Rights of Woman', 'WOLVINDI', 'Wollstonecraft, Mary'),
('On the Incarnation', 'ATHONTHE', 'Athanasius'),
('City of God', 'AUGCITYO', 'Augustine'),
('Meditations, with selected correspondence', 'AURMEDIT', 'Aurelius, Marcus'),
('On the Good Life', 'CICONTHE', 'Cicero'),
('The History of the Church', 'EUSHISTO', 'Eusebius'),
('On God and Christ', 'GREONGOD', 'Gregory of Nazianzus'),
('On the Apostolic Preaching', 'IREONTHE', 'Irenaeus of Lyons'),
('The First and Second Apologies', 'JUSFIRST', 'Justin Martyr'),
('The Metamorphoses of Ovid', 'OVIMETAM', 'Ovid'),
('Roman Lives: A Selection of Eight Lives', 'PLUROMAN', 'Plutarch'),
('The Aeneid', 'VIRAENEI', 'Virgil'),
('The Canterbury Tales', 'CHACANTE', 'Chaucer, Geoffrey'),
('Meditations on First Philosophy', 'DESMEDIT', 'Descartes, René'),
('The Complete English Poems', 'DONCOMPL', 'Donne, John'),
('The Complete Poetry', 'HERCOMPL', 'Herbert, George'),
('An Enquiry Concerning Human Understanding', 'HUMANENQ', 'Hume, David.'),
('The History of Rasselas, Prince of Abissinia', 'JOHHISTO', 'Johnson, Samuel'),
('Second Treatise of Government', 'LOCSECON', 'Locke, John'),
('Paradise Lost', 'MILPARAD', 'Milton, John'),
('Pensées and Other Writings', 'PASPENSE', 'Pascal, Blaise'),
('As You Like It', 'SHAASYOU', 'Shakespeare, William'),
('A Midsummer Night\'s Dream', 'SHAMIDSU', 'Shakespeare, William'),
('Hamlet',  'SHAHAMLE', 'Shakespeare, William'),
('King Lear', 'SHAKINGL', 'Shakespeare, William'),
('Macbeth', 'SHAMACBE', 'Shakespeare, William'),
('The Faerie Queene', 'SPEFAERI', 'Spenser, Edmund'),
('Physics', 'ARIPHYSI', 'Aristotle'),
('Treatise on Law: The Complete Text', 'AQUTREAT', 'Aquinas, Thomas'),
('The New Organon', 'BACNEWOR', 'Bacon, Francis'),
('Orthodoxy', 'CHEORTHO', 'Chesterton, G. K.'),
('The Origin of Species', 'DARORIGI', 'Darwin, Charles'),
('The Essential Writings of Ralph Waldo Emerson', 'EMEESSEN', 'Emerson, Ralph Waldo'),
('Selected Poetry', 'HOPSELEC', 'Hopkins, Gerald Manley'),
('Groundwork of the Metaphysics of Morals', 'KANGROUN', 'Kant, Immanuel'),
('Fear and Trembling', 'KIEFEARA', 'Kierkegaard, Søren'),
('Moby-Dick, or The Whale', 'MELMOBYD', 'Melville, Herman'),
('On the Genealogy of Morals and Ecce Homo', 'NIEONTHE', 'Nietzsche, Friedrich'),
('Frankenstein, or The Modern Prometheus', 'SHEFRANK', 'Shelley, Mary'),
('Centuries', 'TRACENTU', 'Traherne, Thomas'),
('Fathers and Sons', 'TURFATHE', 'Turgenev, Ivan'),
('Selected Poems', 'WORSELEC', 'Wordsworth, William'),
('The Consolation of Philosophy', 'BOECONSO', 'Boethius'),
('Jane Eyre', 'BROJANEE', 'Brontë, Charlotte'),
('Four Quartets: A Poem', 'ELIFOURQ', 'Eliot, T. S.'),
('The Idea of a University', 'NEWIDEAO', 'Newman, John Henry'),
('Selected Poems', 'ROSSELEC', 'Rossetti, Christina'),
('The Tempest', 'SHATEMPE', 'Shakespeare, William'),
('Genesis', 'UNKGENES', 'Moses'),
('Exodus', 'UNKEXODU', 'Moses'),
('Leviticus', 'UNKLEVIT', 'Moses'),
('Numbers', 'UNKNUMBE', 'Moses'),
('Deuteronomy', 'UNKDEUTE', 'Moses'),
('Joshua', 'UNKJOSHU', 'Joshua'),
('Hebrews', 'UNKHEBRE', ''),
('Romans', 'UNKROMAN', 'Paul'),
('James', 'UNKJAMES', 'James'),
('Galatians', 'UNKGALAT', 'Paul'),
('Ephesians', 'UNKEPHES', 'Paul'),
('1 Timothy', 'UNK1TIMO', 'Paul'),
('2 Timothy', 'UNK2TIMO', 'Paul'),
('Titus', 'UNKTITUS', 'Titus'),
('Judges', 'UNKJUDGE', 'Samuel'),
('Ruth', 'UNKRUTHX', 'Samuel'),
('1 Samuel', 'UNK1SAMU', ''),
('2 Samuel', 'UNK2SAMU', ''),
('1 Kings', 'UNK1KING', 'Jeremiah'),
('2 Kings', 'UNK2KING', 'Jeremiah'),
('Isaiah', 'UNKISAIA', 'Isaiah'),
('1 Corinthians', 'UNK1CORI', 'Paul'),
('Matthew', 'UNKMATTH', 'Matthew'),
('Mark', 'UNKMARKX', 'Mark'),
('Luke', 'UNKLUKEX', 'Luke'),
('Acts', 'UNKACTSX', 'Luke'),
('1 Thessalonians', 'UNK1THES', ''),
('2 Thessalonians', 'UNK2THES', ''),
('Colossians', 'UNKCOLOS', 'Paul'),
('Philemon', 'UNKPHILE', 'Paul'),
('John', 'UNKJOHNX', 'John'),
('1 Peter', 'UNK1PETE', 'Peter'),
('2 Peter', 'UNK2PETE', 'Peter'),
('Jude', 'UNKJUDEX', 'Jude'),
('Proverbs', 'UNKPROVE', ''),
('Song of Solomon', 'UNKSONGO', ''),
('Psalms', 'UNKPSALM', ''),
('Ecclesiastes', 'UNKECCLE', 'Solomon'),
('Ezekiel', 'UNKEZEKI', 'Ezekiel'),
('Job', 'UNKJOBXX', ''),
('1 John', 'UNK1JOHN', 'John'),
('2 John', 'UNK2JOHN', 'John'),
('3 John', 'UNK3JOHN', ''),
('2 Corinthians', 'UNK2CORI', ''),
('Philippians', 'UNKPHILI', 'Paul'),
('Daniel', 'UNKDANIE', 'Daniel'),
('Revelation', 'UNKREVEL', 'John');


Create table book_gen
(
book_id char(8) not null, 
genre_id char(2) not null,
CONSTRAINT id_fk FOREIGN KEY (book_id) REFERENCES Book(id),
CONSTRAINT genre_fk2 FOREIGN KEY(genre_id) REFERENCES genre(genre_id)
)

Engine=innodb;

Insert into book_gen values
('ARINICOM', '09'),
('ARINICOM', '10'),
('ARINICOM', '14'),
('ARINICOM', '18'),
('EURBACCH', '10'),
('EURBACCH', '11'),
('EURBACCH', '17'),
('HOMILIAD', '10'),
('HOMILIAD', '11'),
('HOMILIAD', '17'),
('HOMODYSS', '10'),
('HOMODYSS', '11'),
('HOMODYSS', '17'),
('PLAMENOX', '03'),
('PLAMENOX', '07'),
('PLAMENOX', '10'),
('PLAMENOX', '11'),
('PLAMENOX', '14'),
('PLASYMPO', '03'),
('PLASYMPO', '07'),
('PLASYMPO', '10'),
('PLASYMPO', '11'),
('PLASYMPO', '14'),
('PLAREPUB', '03'),
('PLAREPUB', '07'),
('PLAREPUB', '10'),
('PLAREPUB', '11'),
('PLAREPUB', '14'),
('PLAREPUB', '19'),
('PLATIMAE', '03'),
('PLATIMAE', '07'),
('PLATIMAE', '10'),
('PLATIMAE', '11'),
('PLATIMAE', '14'),
('PLAPHAED', '03'),
('PLAPHAED', '07'),
('PLAPHAED', '10'),
('PLAPHAED', '11'),
('PLAPHAED', '14'),
('SOPOEDIP', '10'),
('SOPOEDIP', '11'),
('SOPOEDIP', '17'),
('SOPANTIG', '10'),
('SOPANTIG', '11'),
('SOPANTIG', '17'),
('THUHISTO', '05'),
('THUHISTO', '10'),
('THUHISTO', '11'),
('THUHISTO', '19'),
('AUGCONFE', '02'),
('AUGCONFE', '09'),
('AUGCONFE', '15'),
('AQUONNAT', '15'),
('AQUONNAT', '18'),
('AQUONNAT', '22'),
('BERONLOV', '27'),
('CALINSTI', '15'),
('CALINSTI', '22'),
('CALINSTI', '27'),
('UNKHEIDE', '06'),
('UNKHEIDE', '22'),
('DANINFER', '10'),
('DANINFER', '15'),
('DANINFER', '17'),
('DANPARAD', '10'),
('DANPARAD', '15'),
('DANPARAD', '17'),
('DANPURGA', '10'),
('DANPURGA', '15'),
('DANPURGA', '17'),
('LUTSELEC', '02'),
('LUTSELEC', '15'),
('LUTSELEC', '22'),
('LUTSELEC', '27'),
('AESOREST', '10'),
('AESOREST', '11'),
('AESOREST', '17'),
('BURREFLE', '12'),
('BURREFLE', '19'),
('BURREFLE', '30'),
('CHENAPOL', '12'),
('CHENAPOL', '13'),
('CHENAPOL', '30'),
('DOSBROTH', '08'),
('DOSBROTH', '09'),
('DOSBROTH', '15'),
('DOUPORTA', '19'),
('DOUPORTA', '27'),
('DOUPORTA', '28'),
('DOUPORTA', '30'),
('HANRAISI', '26'),
('HANRAISI', '28'),
('HANRAISI', '30'),
('KINTESTA', '19'),
('KINTESTA', '27'),
('KINTESTA', '28'),
('KINTESTA', '30'),
('LINHISSP', '19'),
('LINHISSP', '28'),
('LINHISSP', '30'),
('UNKFEDER', '12'),
('UNKFEDER', '19'),
('UNKFEDER', '30'),
('SHAHENRY', '01'),
('SHAHENRY', '13'),
('SHAHENRY', '30'),
('SHARICHA', '01'),
('SHARICHA', '13'),
('SHARICHA', '30'),
('TOCDEMOC', '12'),
('TOCDEMOC', '19'),
('TOCDEMOC', '28'),
('TOCDEMOC', '30'),
('UNKDECLA', '19'),
('UNKDECLA', '28'),
('UNKDECLA', '30'),
('AUGONCHR', '02'),
('AUGONCHR', '15'),
('AUGONCHR', '22'),
('AUSPRIDE', '09'),
('AUSPRIDE', '13'),
('AUSPRIDE', '25'),
('AUSPRIDE', '26'),
('DUBSOULS', '19'),
('DUBSOULS', '28'),
('DUBSOULS', '30'),
('FRECIVIL', '09'),
('FRECIVIL', '31'),
('LEWABOLI', '07'),
('LEWABOLI', '09'),
('LEWABOLI', '14'),
('LEWABOLI', '15'),
('OCOCOMPL', '15'),
('OCOCOMPL', '26'),
('OCOCOMPL', '28'),
('TOLANNAK', '08'),
('TOLANNAK', '09'),
('TOLANNAK', '25'),
('WOLVINDI', '12'),
('WOLVINDI', '19'),
('WOLVINDI', '26'),
('WOLVINDI', '30'),
('ATHONTHE', '06'),
('ATHONTHE', '15'),
('ATHONTHE', '21'),
('ATHONTHE', '22'),
('AUGCITYO', '12'),
('AUGCITYO', '15'),
('AUGCITYO', '22'),
('AUGCITYO', '27'),
('AURMEDIT', '09'),
('AURMEDIT', '10'),
('AURMEDIT', '11'),
('AURMEDIT', '14'),
('CICONTHE', '09'),
('CICONTHE', '10'),
('CICONTHE', '11'),
('CICONTHE', '12'),
('EUSHISTO', '06'),
('EUSHISTO', '27'),
('GREONGOD', '15'),
('GREONGOD', '22'),
('GREONGOD', '21'),
('IREONTHE', '15'),
('IREONTHE', '22'),
('IREONTHE', '27'),
('JUSFIRST', '15'),
('JUSFIRST', '22'),
('JUSFIRST', '27'),
('DESMEDIT', '10'),
('DESMEDIT', '11'),
('DESMEDIT', '17'),
('OVIMETAM', '10'),
('OVIMETAM', '11'),
('OVIMETAM', '17'),
('PLUROMAN', '10'),
('PLUROMAN', '11'),
('PLUROMAN', '27'),
('VIRAENEI', '10'),
('VIRAENEI', '11'),
('VIRAENEI', '17'),
('CHACANTE', '10'),
('CHACANTE', '13'),
('CHACANTE', '17'),
('DESMEDIT', '07'),
('DESMEDIT', '10'),
('DESMEDIT', '11'),
('DESMEDIT', '14'),
('DESMEDIT', '17'),
('DONCOMPL', '13'),
('DONCOMPL', '17'),
('HERCOMPL', '13'),
('HERCOMPL', '17'),
('HERCOMPL', '15'),
('HUMANENQ', '07'),
('HUMANENQ', '10'),
('HUMANENQ', '14'),
('JOHHISTO', '10'),
('JOHHISTO', '13'),
('LOCSECON', '12'),
('LOCSECON', '19'),
('MILPARAD', '10'),
('MILPARAD', '15'),
('MILPARAD', '17'),
('PASPENSE', '07'),
('PASPENSE', '14'),
('PASPENSE', '15'),
('SHAASYOU', '01'),
('SHAASYOU', '13'),
('SHAASYOU', '17'),
('SHAMIDSU', '01'),
('SHAMIDSU', '13'),
('SHAMIDSU', '17'),
('SHAHAMLE', '01'),
('SHAHAMLE', '13'),
('SHAHAMLE', '17'),
('SHAKINGL', '01'),
('SHAKINGL', '13'),
('SHAKINGL', '17'),
('SHAMACBE', '01'),
('SHAMACBE', '13'),
('SHAMACBE', '17'),
('SPEFAERI', '10'),
('SPEFAERI', '13'),
('SPEFAERI', '17'),
('ARIPHYSI', '10'),
('ARIPHYSI', '14'),
('AQUTREAT', '14'),
('AQUTREAT', '18'),
('AQUTREAT', '22'),
('BACNEWOR', '07'),
('BACNEWOR', '10'),
('BACNEWOR', '14'),
('CHEORTHO', '13'),
('CHEORTHO', '15'),
('CHEORTHO', '22'),
('DARORIGI', '31'),
('EMEESSEN', '15'),
('EMEESSEN', '28'),
('EMEESSEN', '31'),
('HOPSELEC', '13'),
('HOPSELEC', '15'),
('HOPSELEC', '17'),
('KANGROUN', '07'),
('KANGROUN', '09'),
('KANGROUN', '14'),
('KIEFEARA', '09'),
('KIEFEARA', '14'),
('KIEFEARA', '15'),
('MELMOBYD', '13'),
('MELMOBYD', '25'),
('MELMOBYD', '28'),
('NIEONTHE', '07'),
('NIEONTHE', '09'),
('NIEONTHE', '14'),
('SHEFRANK', '13'),
('SHEFRANK', '25'),
('SHEFRANK', '26'),
('TRACENTU', '15'),
('TRACENTU', '17'),
('TURFATHE', '08'),
('TURFATHE', '09'),
('WORSELEC', '17'),
('WORSELEC', '28'),
('BOECONSO', '10'),
('BOECONSO', '14'),
('BOECONSO', '15'),
('BROJANEE', '13'),
('BROJANEE', '25'),
('BROJANEE', '26'),
('ELIFOURQ', '13'),
('ELIFOURQ', '15'),
('ELIFOURQ', '17'),
('NEWIDEAO', '27'),
('NEWIDEAO', '31'),
('NEWIDEAO', '27'),
('NEWIDEAO', '31'),
('ROSSELEC', '13'),
('ROSSELEC', '17'),
('ROSSELEC', '26'),
('SHATEMPE', '01'),
('SHATEMPE', '13'),
('SHATEMPE', '17'),
('UNKGENES', '06'),
('UNKGENES', '16'),
('UNKEXODU', '06'),
('UNKEXODU', '16'),
('UNKLEVIT', '06'),
('UNKLEVIT', '16'),
('UNKNUMBE', '06'),
('UNKNUMBE', '16'),
('UNKDEUTE', '06'),
('UNKDEUTE', '16'),
('UNKJOSHU', '06'),
('UNKJOSHU', '16'),
('UNKHEBRE', '06'),
('UNKHEBRE', '32'),
('UNKROMAN', '06'),
('UNKROMAN', '32'),
('UNKJAMES', '06'),
('UNKJAMES', '32'),
('UNKGALAT', '06'),
('UNKGALAT', '32'),
('UNKEPHES', '06'),
('UNKEPHES', '32'),
('UNK1TIMO', '06'),
('UNK1TIMO', '32'),
('UNK2TIMO', '06'),
('UNK2TIMO', '32'),
('UNKTITUS', '06'),
('UNKTITUS', '32'),
('UNKJUDGE', '06'),
('UNKJUDGE', '16'),
('UNKRUTHX', '06'),
('UNKRUTHX', '16'),
('UNK1SAMU', '06'),
('UNK1SAMU', '16'),
('UNK2SAMU', '06'),
('UNK2SAMU', '16'),
('UNK1KING', '06'),
('UNK1KING', '16'),
('UNK2KING', '06'),
('UNK2KING', '16'),
('UNKISAIA', '06'),
('UNKISAIA', '16'),
('UNK1CORI', '06'),
('UNK1CORI', '32'),
('UNKMATTH', '06'),
('UNKMATTH', '32'),
('UNKMARKX', '06'),
('UNKMARKX', '32'),
('UNKLUKEX', '06'),
('UNKLUKEX', '32'),
('UNKACTSX', '06'),
('UNKACTSX', '32'),
('UNK1THES', '06'),
('UNK1THES', '32'),
('UNK2THES', '06'),
('UNK2THES', '32'),
('UNKCOLOS', '06'),
('UNKCOLOS', '32'),
('UNKPHILE', '06'),
('UNKPHILE', '32'),
('UNKJOHNX', '06'),
('UNKJOHNX', '32'),
('UNK1PETE', '06'),
('UNK1PETE', '32'),
('UNK2PETE', '06'),
('UNK2PETE', '32'),
('UNKJUDEX', '06'),
('UNKJUDEX', '32'),
('UNKPROVE', '06'),
('UNKPROVE', '16'),
('UNKSONGO', '06'),
('UNKSONGO', '16'),
('UNKPSALM', '06'),
('UNKPSALM', '16'),
('UNKECCLE', '06'),
('UNKECCLE', '16'),
('UNKEZEKI', '06'),
('UNKEZEKI', '16'),
('UNKJOBXX', '06'),
('UNKJOBXX', '16'),
('UNK1JOHN', '06'),
('UNK1JOHN', '32'),
('UNK2JOHN', '06'),
('UNK2JOHN', '32'),
('UNK3JOHN', '06'),
('UNK3JOHN', '32'),
('UNK2CORI', '06'),
('UNK2CORI', '32'),
('UNKPHILI', '06'),
('UNKPHILI', '32'),
('UNKDANIE', '06'),
('UNKDANIE', '16'),
('UNKREVEL', '06'),
('UNKREVEL', '32');

Create table lectures
(id char(3) not null, 
dates varchar(11), 
title varchar(125), 
professors_id char(3) not null,
link varchar(100),
CONSTRAINT id_pk PRIMARY KEY (id),
CONSTRAINT professors_id_pk FOREIGN KEY (professors_id) REFERENCES
professors(professors_id))
Engine = innodb;

insert into lectures values
('000', 'Fall 2013', 'Angels and the Atonement: Anselm and the Bigger Picture', '002', 'https://drive.google.com/file/d/1J4yYxgjx7AVNAaOTJ2f1kqDoRDl4uBBz/view'),
('001', 'Fall 2024', 'Anselm The Traditionalist: A Reinterpretation of the Patristic Heritage of Why God Became Man', '002', 'https://drive.google.com/file/d/1panpzQxnHQdpJucuepEqDNz56mt4bB6b/view'),
('002', 'Spring 2006', 'On St. Anselm\'s Theory of the Atonement', '003', 'https://drive.google.com/file/d/1shsUz_6fGzIO93ZazrmKzn8aD3PGxrKX/view'),
('003', 'Spring 2014', 'Aristotle: Education and Contentment', '004', 'https://drive.google.com/file/d/1dBL1w0qP5L7n0tRyS1wolZ3KT37r1fJX/view'),
('004', 'Fall 2012', 'Bacon, Aristotle, and Why Fruit Tastes Sweet', '005', 'https://drive.google.com/file/d/1Dwki6vQffJ2iW8Si2NxBGs87FJPILmY9/view'),
('005', 'Fall 2023', '"Friends Don\'t Lie": Truth Telling in Aristotle, Cicero, and Maria Edgeworth', '006', 'https://drive.google.com/file/d/16Ln95xNDQ8Q9Zos6uz-NtCRNY2ax_F3Q/view?usp=drive_link'),
('006', 'Fall 2023', 'The Friendship of Marriage: Dating Advice from Austen, Aristotle, and Wollstonecraft', '007', 'https://drive.google.com/file/d/1l93FoAErx-t5VtCtxDhf3rf8qbw54Ywx/view'),
('007', 'Spring 2024', 'The Great Chain of Being: Plato, Dionysius, Augustine, Milton, Darwin', '008', 'https://drive.google.com/file/d/127VLAkx6gIp1_ykZJl7eQHvK3Q9RWVBK/view?usp=sharing'),
('008', 'Fall 2024', 'Happy Together? St. Augustine on Friendship and Flourishing in an Epidemic of Loneliness', '009', 'https://drive.google.com/file/d/1DuDEstdAYE6IEshxFVwDKCwqig5iom1w/view?usp=sharing'),
('009', 'Fall 2021', 'Harry Potter and the Virtues: An Aristotelian Tale', '010', 'https://drive.google.com/file/d/1giUPq0f-buYnrU4i-bmK-UNGnlsyaUbB/view'),
('010', 'Fall 2024', 'In Search of Happiness: A Vindication of Christian Eudaimonism', '006', 'https://drive.google.com/file/d/1zvtkmMI9fXeUfuFb5mZWOBJo2WcPj3Df/view'),
('011', 'Fall 2007', 'Metaphysics...What?! Clarifying Aristotle\'s Categorical Complexities', '011', 'https://drive.google.com/file/d/1XSyK9-gmbNiHPNmTkUofVF4IrcTVL10Y/view?usp=sharing'),
('012', 'Spring 2017', 'Natural Law and the Family', '012', 'https://drive.google.com/file/d/1MaQLZTTSLsU5yv8kaV9BV0L-7imLOHkg/view'),
('013', 'Spring 2024', 'Reading Aristotle\'s Physics Across the Curriculum', '001', 'https://drive.google.com/file/d/1Dpn7EFOe8Q5zlN7SBsHkFLwbmxChcKDu/view'),
('014', 'Spring 2010', 'The Doctors of the Eastern Church: John Chrysostom, Gregory of Nazianzus, Basil of Caesarea, and Athanasius of Alexandria', '013', 'https://drive.google.com/file/d/1wwJUQ-YQbFGuJ2CbEz1F5RmTlTdvDJF-/view'),
('015', 'Spring 2014', 'Why Athanasius\' On the Incarnation is So Awesome', '002', 'https://drive.google.com/file/d/175OQCwhulAC7zr1cupm27Jt44DrAZjua/view'),
('016', 'Spring 2024', 'The Word Who Became Flesh: The Center and Circumference of Athanasius\' Theology', '014', 'https://drive.google.com/file/d/1jD33kyysIlrCFh6TmmwdZMVAxznVX9Rt/view'),
('017', 'Fall 2015', 'How Do Women Bring Justice to the City?: The Case of Clytemnestra', '001', 'https://drive.google.com/file/d/1J4yYxgjx7AVNAaOTJ2f1kqDoRDl4uBBz/view?usp=sharing'),
('018', 'Fall 2023', 'Holiness as Concentration: Aquinas, Augustine, and the Willing One Thing', '014', 'https://drive.google.com/file/d/1-gewESr0XAzu6QD302D8u8hbRVDAfxD2/view?usp=sharing'),
('019', 'Spring 2024', 'Introducing Augustine\'s City of God', '015', 'https://drive.google.com/file/d/1l1kRgZEFlUF0k9HA_dA-erN2bdeW-9x6/view?usp=sharing'),
('020', 'Spring 2019', 'A Reader\'s Guide to Augustine\'s City of God', '001', 'https://drive.google.com/file/d/1euR4pA77yMckxnsT5O4uyX2qpxn3FmG_/view?usp=drive_link'),
('021', 'Spring 2014', 'Augustine\'s Confessions and the Problem of Autobiography', '016', 'https://drive.google.com/file/d/16pOFxhblLZyYu0sHfl8rIu9b2lUHNRfO/view?usp=drive_link'),
('022', 'Spring 2015', 'The Political Theologies of Augustine and Aquinas', '012', 'https://drive.google.com/file/d/1R82Y0uRQdL8iF2lICPV6FEDkZgPw0-KT/view'),
('023', 'Spring 2001', 'The Very General Context Lecture on the Life and Thought of Augustine', '017', 'https://drive.google.com/file/d/1CeqtKGAZB7alsMW8JdfbqPahbOywNx9u/view'),
('024', 'Spring 2013', 'The Slave and the Emperor: Epictetus and Marcus Aurelius on Power and the Good Life', '018', 'https://drive.google.com/file/d/12EjH8xJnpNKfOKGo7NwJ-7Y3HK6_hvsX/view'),
('025', 'Spring 2024', 'Praying with Jane Austen', '007', 'https://drive.google.com/file/d/13-P6cF5VrgZ0EOXE5x7Qjicm011Dxhvk/view?usp=sharing'),
('026', 'Fall 2024', '"Save Us From Deceiving Ourselves": Austen\'s Prayers in Pride and Prejudice', '007', 'https://drive.google.com/file/d/1kL17A78us07cdkUnr1iU7E9n53CXjvx1/view?usp=sharing'),
('027', 'Fall 2018', 'The Virtue of the Citizen in Jane Austen\'s Pride & Prejudice', '019', 'https://drive.google.com/file/d/1SyyTt6Q9qK2KqNUPlqERYPSz2O10Szao/view?usp=sharing'),
('028', 'Spring 2005', 'The Angelic Doctor: Thomas Aquinas In Context', '020', 'https://drive.google.com/file/d/1V1fpTvfDKE-g992jSzyMzrPeqBscp5Pt/view'),
('029', 'Spring 2022', 'Aquinas on Christians in the Public Square', '012', 'https://drive.google.com/file/d/1DxH1PB5KGCof4GLfiXe9CvUfUFrxzO8B/view?usp=sharing'),
('030', 'Fall 2014', 'The Dignity of Causality in Thomas Aquinas', '014', 'https://drive.google.com/file/d/17bVbslKzhC4LbzRpO7an4OSj6x96j4Fn/view?usp=drive_link'),
('031', 'Fall 2011', 'Encountering the Seven Deadly Sins: Dante, Aquinas and the Structure of Purgatorio', '005', 'https://drive.google.com/file/d/1HVM56lQ3qJV-lvX6obqtRyjk0MC8goHd/view'),
('032', 'Fall 2002', 'The Philosophy of St. Thomas Aquinas', '018', 'https://drive.google.com/file/u/1/d/1l6ZYJcGB5TKcvtb_5bPItobdQP9BWhzH/view?usp=sharing'),
('033', 'Fall 2005', 'Reading Aquinas with the Readers of Aquinas', '021', 'https://drive.google.com/file/d/1ASn-J2M6iUQjIT3xW6LUhnLFl1eQOP3L/view'),
('034', 'Fall 2001', 'Should Auld Aquinas Be Forgot?', '022', 'https://drive.google.com/file/d/14rWtUyonJoGW8XTN4Th71sGNigFMDMLJ/view'),
('035', 'Fall 2008', 'This is the Dawning of the Age of Aquinas: Towns, Cities, Universities, and the Rise of Scholasticism', '018', 'https://drive.google.com/file/d/1aBhCo4jqqxrTf_ZuX1lAQnzxsUn6KkzE/view'),
('036', 'Fall 2016', 'Thomas Aquinas: "Grace Does Not Destroy Nature But Perfects It"', '017', 'https://drive.google.com/file/d/1vfBzfgXiZKvWFa9ALbrnJ1vCjZJgr7WN/view?usp=sharing'),
('037', 'Fall 2011', 'Thomas Aquinas and Social Justice', '023', 'https://drive.google.com/file/d/1qnHNfkpsNTEYY9_lskAhB6CmZzkxYITV/view?usp=sharing'),
('038', 'Fall 2013', 'Why Dante Needs Bernard of Clairvaux', '021', 'https://drive.google.com/file/d/19KcwvVgW0uvnmdoalmHsrMyH5NZGXS_x/view'),
('039', 'Spring 2014', 'Bernard the Preacher', '024', 'https://drive.google.com/file/d/1GfTppV2BEjSHbJWuLCKL1TPgjc7Y6sk9/view'),
('040', 'Spring 2014', 'Know Yourself: Self Knowledge in the Middle Ages', '021', 'https://drive.google.com/file/d/1xPDFWBZ09JuMeXLonpdIcwO-ZWf6BUYE/view?usp=sharing'),
('041', 'Spring 2010', 'Introduction to Boethius', '017', 'https://drive.google.com/file/d/1HtOIth8Fc6fRsbFueHwlAL_7RU4d07Q3/view?usp=sharing'),
('042', 'Fall 2010', '“Last of the Romans, First of the Scholastics”: Boethius and His Age', '018', 'https://drive.google.com/file/d/1vfuVXTOVF41xoetKR5FymFoNWdiId7LG/view?usp=sharing'),
('043', 'Spring 2025', 'Living in Time and in View of the Afterlife', '025', 'https://drive.google.com/file/d/1VAjNwLMxMr93A2HMD6YamqJBgN2-GqR3/view?usp=sharing'),
('044', 'Spring 2014', 'Why St. John River Isn\'t Just a Jerk in Jane Eyre', '001', 'https://drive.google.com/file/d/1A7N4_HngwU_94XajIW5kh6Wr8qiw7tyE/view'),
('045', 'Spring 2009', 'On John Bunyan and The Pilgrim\'s Progress', '026', 'https://drive.google.com/file/d/18yC_TG8iMykrBmNO6_h7CZUpnFSIFmuY/view?usp=drive_link'),
('046', 'Fall 2016', '“A Rational and Manly Freedom,” Part I: Burke\'s Tradition of Rationality', '012', 'https://drive.google.com/file/d/1HmIpVY-JLWlmhUlLjLxzKe5oLpI3Ww-S/view'),
('047', 'Fall 2016', '“A Rational and Manly Freedom,” Part II: Burke\'s Tradition of the Moral Imagination', '012', 'https://drive.google.com/file/d/1l4uaPvLI2MhpmsBA_0UJRn4IiLmASZwB/view'),
('048', 'Fall 2004', 'Edmund Burke\'s Politics of Prescription', '018', 'https://drive.google.com/file/d/1SJPbWY61GYZ5edsJi6KLd19paphbMvQY/view'),
('049', 'Fall 2024', 'Who\'s Right About Rights?: Edmund Burke and His Critics', '012', 'https://drive.google.com/file/d/1zNPM0MnRvF-nvEALqJDixvJ56MZGK7Vl/view?usp=sharing'),
('050', 'Fall 2009', 'Calvin\'s Institutes and The Discipleship of the Christian Mind', '017', 'https://drive.google.com/file/d/1t-0KScoMaZeo_v7yWwgUkipzxM-0XEtH/view?usp=sharing'),
('051', 'Fall 2001', 'The Life and Thought of John Calvin', '017', 'https://drive.google.com/file/d/1pLqqPZWIxDplFLIYxmQ70uh-Xd_S70aj/view?usp=sharing'),
('052', 'Spring 2018', 'The Medieval Context of Chaucer\'s Monks and Priests', '021', 'https://drive.google.com/file/d/1ctESKYF_Ni-rrm8XvDtzT3oKUoLBloWx/view?usp=sharing'),
('053', 'Fall 2009', 'Dante\'s Cosmology', '008', 'https://drive.google.com/file/d/1F6aB15cxRpZ9p0JmMeRHR7rP5Tqj9iYW/view?usp=sharing'),
('054', 'Spring 2008', 'How to Put Your Soul on Ice: Freedom and Autonomy in the Divine Comedy', '027', 'https://drive.google.com/file/d/1UmzsUJZTdCht8e3JaLJVfmdV4yQ1euPG/view'),
('055', 'Fall 2015', 'Muhammad\'s Ladder and Dante\'s Ascent', '028', 'https://drive.google.com/file/d/1XFHmb3Cw75cvYM4FjXh7M4ya1bmLGfFR/view?usp=drive_link'),
('056', 'Fall 2008', 'Protestants in Purgatory: Dante and the Doctrine of Salvation', '017', 'https://drive.google.com/file/d/1bsjvu2cGV4G51w_3GXb_Se7EzB8TKEb9/view?usp=sharing'),
('057', 'Spring 2009', 'Purgatory, Providence, and the Prince of Denmark', '026', 'https://drive.google.com/file/d/1nWnLBiLnp1sp8zqFsFgIRwTYPlCS2Fje/view?usp=sharing'),
('058', 'Spring 2024', 'Tradition and Transcendence in Dante\'s Divine Comedy and T.S. Eliot\'s Four Quartets', '029', 'https://drive.google.com/file/d/1tzDBukDRDb9Q_WkFCKwgAlr9jLbSARPE/view?usp=sharing'),
('059', 'Fall 2024', 'What Can Wash Away My Sin? Reflections on Purgatory', '014', 'https://drive.google.com/file/d/1UODkWEWCbvN2Lyten9vsullB4_V7YBZp/view?usp=sharing'),
('060', 'Fall 2012', 'What Darwin Didn\'t Know', '030', 'https://drive.google.com/file/d/1kEdlnxWk7FGkSKxHHX1oXpiJtJ5ilDBk/view?usp=sharing'),
('061', 'Fall 2012', 'The Federalists and Their Opponents', '012', 'https://drive.google.com/file/d/1D-86V7so2V7JdPR5Bx_9Fzb-34YJG48I/view?usp=drive_link'),
('062', 'Fall 2008', 'Constitution 101: Founding Papers, Founding Principles', '031', 'https://drive.google.com/file/d/1XnWeCc4z_a_ym-0AZmpoM9y1oXmftJ5k/view?usp=sharing'),
('063', 'Spring 2011', 'Descartes and Cartesianism: A History', '018', 'https://drive.google.com/file/d/1N3PcXJNoJU7Nadr0cK-I9t700epqyTBp/view?usp=sharing'),
('064', 'Spring 2011', 'Descartes on Faith and Reason', '017', 'https://drive.google.com/file/d/1cEwEC9XuQvQaQZFFSehGJR_jdeRfPaCj/view?usp=sharing'),
('065', 'Spring 2025', 'A Personalist Critique of Descartes', '008', 'https://drive.google.com/file/d/1jQgacyyJmKKouLbCuDH0a2usUQSayuPP/view?usp=sharing'),
('066', 'Spring 2009', 'Eliot and Lewis on Donne and Herbert', '008', 'https://drive.google.com/file/d/12p3XPxyUwCOmEv7AY2rVjA6jE0f90kYU/view?usp=drive_link'),
('067', 'Fall 2011', 'Experiencing the Trinity in Poetry: John Donne\'s Holy Sonnets and the Christian Life', '032', 'https://drive.google.com/file/d/1wGkmueh_O3OCNyIBm9NwIcCieGZ63WTL/view'),
('068', 'Spring 2024', '“I Am a Little World”: Theological Anthropology in John Donne', '021', 'https://drive.google.com/file/d/1vyJIJwUejvctgI5cMFrDVI3zXkp1dujL/view?usp=sharing'),
('069', 'Spring 2018', 'The Inheritance of Christian Poetry: Three Canonical Authors and their Contemporary Counterparts', '033', 'https://drive.google.com/file/d/1frS8sICQ-uY0Yhl08NrGPvDRMkwqLerU/view?usp=sharing'),
('070', 'Spring 2012', 'Lear and Douglass: The Character of a Leader', '011', 'https://drive.google.com/file/d/1ecBrtB2bUa4mRJznHZDFgktLoWHRRCJb/view'),
('071', 'Spring 2011', 'Dostoevsky\'s Model for Elder Zosima: The Life and Thought of Elder Ambrose of Optina', '018', 'https://drive.google.com/file/d/18pNRV8g773lZqM4f_Vif-ZDNKN-OVL_g/view'),
('072', 'Spring 2022', 'Prodigal Sons in Dickens and Dostoevsky', '025', 'https://drive.google.com/file/d/1mEo1k-z5Huk0eXz_AbFMnFhucSEtFNIn/view'),
('073', 'Spring 2010', '“A Putrid Smell”: An Olfactic Response to the Grand Inquisitor', '021', 'https://drive.google.com/file/d/1zkKQeD1uBoiEYryeTJ09fj2g1osml2_I/view'),
('074', 'Fall 2014', 'Martin, Malcolm, and Rap Music in America', '028', 'https://drive.google.com/file/d/1FWnGUkYdj4bwEz3qPv0QYQvqIu64tLma/view?usp=sharing'),
('075', 'Spring 2011', 'Jonathan Edwards: America''s Greatest Theologian', '013', 'https://drive.google.com/file/d/1DAmhDZRnWx0QB8lQenmIcKUUoWnYImBT/view?usp=sharing'),
('076', 'Fall 2006', 'Jonathan Edwards on Why We Aren\'t Maturing Spiritually', '003', 'https://drive.google.com/file/d/19DWGMQz6liC2iRqVOaQ1wvNVe3bwm-ea/view'),
('077', 'Fall 2013', 'Jonathan Edwards\' Scottish Connection', '034', 'https://drive.google.com/file/d/1YsCtsrj07Hj6saDrajXx8FFZjA19NPyK/view?usp=sharing'),
('078', 'Spring 2013', 'Bacchus in Narnia: CS Lewis and the Classics of Greece and Rome', '035', 'https://drive.google.com/file/d/1jruc4rH3lvSFpZ8p6pHCVvWlVyiS_0-O/view?usp=sharing'),
('079', 'Fall 2023', 'The Oikos of Euripides and Paul: Living and Grieving with Hope', '036', 'https://drive.google.com/file/d/1zJF-_nFogTTqjAQI51rGUBksulp-pLny/view'),
('080', 'Spring 2022', 'Who Will Hear Me When I Scream?: Euripides as a Wartime Refugee Spokesman', '036', 'https://drive.google.com/file/d/19es60dKTGKwmrgx8aK6HCT12hYBJ1x3_/view'),
('081', 'Fall 2021', 'Is Something Missing?: Searching for Virtue in the Federalist Papers and Founding Documents', '006', 'https://drive.google.com/file/d/1BHZ8OvW_Do9ax3BAzWeZ5zSaFLYQOEyJ/view'),
('082', 'Fall 2022', 'What the Anti-Federalists Were For', '012', 'https://drive.google.com/file/d/1eaS03OtBUHiWKh4IGN8MHMHjLVf9-5no/view'),
('083', 'Spring 2024', 'Gregory of Nazianzus on the Son and the Spirit', '017', 'https://drive.google.com/file/d/1jH4RIWeV2k8sT-f1fRxEK9nPyQlsk6AN/view?usp=sharing'),
('084', 'Spring 2025', 'What is a Theologian? Gregory of Nazianzus and the Doing of Theology', '021', 'https://drive.google.com/file/d/1bA-LFf3srdaehrYZAVdp8c__NqN0XNmr/view?usp=sharing'),
('085', 'Fall 2004', 'Sin, the Savior, and Sanctification: The Theology and Piety of the Heidelberg Catechism', '017', 'https://drive.google.com/file/d/126b8m5iqcnDJFbk91dncXrjAdGootJCV/view?usp=sharing'),
('086', 'Spring 2025', 'The Architecture of George Herbert\'s Poetry', '021', 'https://drive.google.com/file/d/16yAQ3jR5I_ldhl-M4WF-fWoUAA4yv2fk/view?usp=sharing'),
('087', 'Fall 2024', 'An English Major\'s Approach to Homer', '037', 'https://drive.google.com/file/d/1yDdPivzZif4OwGxAOV1dwhBa65vFlyHV/view?usp=sharing'),
('088', 'Fall 2001', 'An Introduction to Homer', '011', 'https://drive.google.com/file/d/1o2-RDAKsUWRC3Hcq6dKu23wYQN4QOzN3/view'),
('089', 'Fall 2023', 'Why We Read Homer First: It\'s Not Just Really Old, It\'s Awesome', '028', 'https://drive.google.com/file/d/1UAG-kpZa2o1iaCycAJESwPOBfqeJARWz/view'),
('090', 'Spring 2001', 'David Hume and His Skepticism', '038', 'https://drive.google.com/file/d/1fCrkOu79KWZFqbpLpzI8EJNPjE-ZcIkD/view?usp=sharing'),
('091', 'Spring 2022', 'Hume\'s Argument Against Miracles', '007', 'https://drive.google.com/file/d/1JAwgkUScUweU0Ai0VKvP2seh6_kvfN6l/view'),
('092', 'Spring 2013', 'A King or a Fox?: Irenaeus of Lyons and the Theology of Scripture, Part I', '014', 'https://drive.google.com/file/d/135SrPkmtKRNNYuZ-LizMlCNValzYpGGz/view'),
('093', 'Spring 2013', 'A King or a Fox?: Irenaeus of Lyons and the Theology of Scripture, Part II', '014', 'https://drive.google.com/file/d/1aP_9jSwZEQQnxbwymjS1sePlDAnFZcsy/view'),
('094', 'Fall 2013', 'Rasselas and Candide', '008', 'https://drive.google.com/file/d/1XXgbhfxK_yI9PSy3VBCnRfvq_QCPEjSo/view?usp=sharing'),
('095', 'Spring 2011', 'Justin Martyr: The First Apologist', '014', 'https://drive.google.com/file/d/1t8C_2qb_4rM5_sq3-jrg1bYLuKp_uWLb/view?usp=sharing'),
('096', 'Spring 2014', 'Kierkegaard\'s Abraham and Child Sacrifice', '039', 'https://drive.google.com/file/d/1g0MvgxHCupi9zwxFrscLcgsY_Ubtm-ER/view?usp=sharing'),
('097', 'Spring 2014', 'Abolition of Man and the Riddell Lectures', '034', 'https://drive.google.com/file/d/1iLlxjLZUvzwC-P6lXm5xRBDxmksvd2gA/view'),
('098', 'Fall 2023', 'CS Lewis\'s The Abolition of Man', '040', 'https://drive.google.com/file/d/1VnZx732VVtwiB0wFWOedxH1mQGdLf5op/view?usp=sharing'),
('099', 'Fall 2013', 'CS Lewis and Historical Evangelicalism', '034', 'https://drive.google.com/file/d/1qHc33KsOJaqumLMu-ml0hU4xAbbQyzFT/view?usp=sharing'),
('100', 'Fall 2023', 'CS Lewis and the Derivation of Moral Norms from Nature', '012', 'https://drive.google.com/file/d/1UVJ6Kb8YasCUnzP4H6d9FjunfJltKULZ/view?usp=sharing'),
('101', 'Spring 2001', 'Lewis and the Abolition of Man', '004', 'https://drive.google.com/file/d/1lRV5GipXRjqE1p7drHuWO3OgzIEX_0ZR/view'),
('102', 'Spring 2013', 'Natural Law in Lewis', '012', 'https://drive.google.com/file/d/1Fw5Np7M1IrX1GuJT6w_DrFXMUqZ5ZXfx/view?usp=sharing'),
('103', 'Spring 2014', 'Uncommon Friendship: Lewis and Tolkien', '034', 'https://drive.google.com/file/d/1r1i3XZuNjg5qizfKT0BfxTk3kyV44-WU/view?usp=sharing'),
('104', 'Fall 2012', 'The Key to Locke', '012', 'https://drive.google.com/file/d/1Um5q1lujcTS4iitYLN6tUZ_ID8BeB-sN/view?usp=sharing'),
('105', 'Spring 2024', 'Problems in Locke\'s Political Philosophy', '012', 'https://drive.google.com/file/d/13LY27QN5SY7RYmi_DgJnPi8NFc_HWIkC/view?usp=drive_link'),
('106', 'Fall 2014', 'Much Ado about Nothing: Luther and the Essential Non-Sufficiency of Faith', '014', 'https://drive.google.com/file/d/1LjVJEyH2gNv9KxgPyLq6ooU1I3_QfqJi/view'),
('107', 'Fall 2010', 'Understanding Martin Luther\'s Theology', '004', 'https://drive.google.com/file/d/1_jsBPVzIg9GyBd2WPW-sLDlKcehodMZW/view?usp=sharing'),
('108', 'Fall 2012', 'Did Melville Write a Wicked Book?', '001', 'https://drive.google.com/file/d/1BW0Oy0-RIAy12fxTEjMkNDJ9SmNt9bTv/view'),
('109', 'Fall 2014', 'Wrestling with Leviathan: Melville and the Bible', '028', 'https://drive.google.com/file/d/1qzhFYoPcyGh1bfnhbsW0acCS_DlrTALP/view?usp=sharing'),
('110', 'Spring 2025', 'Shakespeare, Milton, and the Phenomenology of Sin', '084', 'https://drive.google.com/file/d/13McW7ioWnkdrREtxRNnrfvXvn9g1Z4eK/view?usp=sharing'),
('111', 'Fall 2022', 'Dr. King\'s “Letter from a Birmingham Jail”', '014', 'https://drive.google.com/file/d/1KXfHc2wCbboAUQaC-CImIFrr_c7rZhPg/view?usp=sharing'),
('112', 'Spring 2019', 'Dream or Nightmare?: MLK, Jr. and the Theology of the Beloved Community', '042', 'https://drive.google.com/file/d/1Yx75GLC_GhcRrJwrhMD54N3l6fsUDrkK/view?usp=sharing'),
('113', 'Fall 2008', 'The Bible as Literature: Hermeneutics Conference', '026', 'https://drive.google.com/file/d/1AgAgFnUHjEC79LDoJbN-cmns-I9c-LSN/view?usp=sharing'),
('114', 'Spring 2002', 'The Story and Theology of the Canon', '017', 'https://drive.google.com/file/d/1umZJwzuuZgFt6_3JFNSPuZt8Oj4fLwF3/view?usp=sharing'),
('115', 'Spring 2011', 'An Introduction to the Synoptic Gospels', '008', 'https://drive.google.com/file/d/1wJ2199aX7HmWCtZn3rb9bd6kE8EQj3o2/view'),
('116', 'Spring 2022', 'Jesus\' Life in Triptych: Gospels as Multiform Witnesses to Jesus\' Life and Work', '041', 'https://drive.google.com/file/d/1Ioq_xJDVSnm89AC7irC4hLRacqA97u9f/view?usp=sharing'),
('117', 'Spring 2023', 'John\'s Glorious Gift: Honor and Hospitality in the Fourth Gospel', '041', 'https://drive.google.com/file/d/1Wr7_evkU3cQ59AHVDfijBuWf8HpxRrn8/view'),
('118', 'Spring 2017', 'John\'s Gospel and Trinitarian Theology', '017', 'https://drive.google.com/file/d/1UUDkTjmOKKHJftuPvBumaijuKGibiq4t/view?usp=sharing'),
('119', 'Spring 2008', 'The Miracles of Jesus', '043', 'https://drive.google.com/file/d/1xgjRrRJ8zFlG8bAWKxD6sWdslnezGv63/view?usp=sharing'),
('120', 'Spring 2001', 'The New Testament, Part I: The Synoptic Gospels', '017', 'https://drive.google.com/file/d/1wy1YhD8mFfMZ8FVXIt8ajBm4VUkGLEZn/view'),
('121', 'Spring 2001', 'The New Testament, Part III: John', '017', 'https://drive.google.com/file/d/1AAT2BTVUHsf9Tu7dR2JrlR84B2tuuRJR/view'),
('122', 'Fall 2009', 'The Theology of the Book of Acts', '017', 'https://drive.google.com/file/d/1LjKsS6He3y0BXV48UZ8AX6I2AsT5ktSM/view?usp=drive_link'),
('123', 'Spring 2015', 'The Quest for the Historical Jesus', '008', 'https://drive.google.com/file/d/1Bg0DmAdappVlJyWOrMV-MoHRGmbXKZFK/view?usp=sharing'),
('124', 'Spring 2012', 'Reading the Beatitudes from a Center in Christ: Jesus as a Blessing and a Promise', '044', 'https://drive.google.com/file/d/165KGC47eMFpVGRqcQsqJTZhmrMFVvCbM/view?usp=sharing'),
('125', 'Fall 2021', '“Rooting” for the Savior', '041', 'https://drive.google.com/file/d/11NLl2kZydOgL-pQiJv9jcReXFq97D7kw/view'),
('126', 'Spring 2008', 'Background and Context of Ephesians', '045', 'https://drive.google.com/file/d/1H532ZcMVQcnZUa6ObY-iSv07RfqnD7DI/view?usp=sharing'),
('127', 'Fall 2023', 'Generous Pride: The Emotion of Pride in Philippians', '041', 'https://drive.google.com/file/d/1L1OnAmkFBsOO2bOVby2G-t6YEvB4yOOj/view?usp=sharing'),
('128', 'Spring 2002', 'The Gospel\'s Beginning in Philippi', '046', 'https://drive.google.com/file/d/17k9G1-pDkyjhrdCG9QwKgGaY4tBG9xBi/view'),
('129', 'Fall 2024', 'Hope for Israel in a Time of Crisis (Jeremian and Romans)', '008', 'https://drive.google.com/file/d/1hWHyVad_0ZZdscyYXXtQG0lObdibCSLi/view?usp=sharing'),
('130', 'Spring 2001', 'The New Testament, Part II: Paul', '017', 'https://drive.google.com/file/d/1RnfdXQIOiPEPR95ZCamgUQYciBELHRzf/view'),
('131', 'Fall 2024', 'O Come and Mourn with Me Awhile: The Emotion of Grief in Philippians', '041', 'https://drive.google.com/file/d/1KzsxwkOwnEXI12pJHCZ6uwqb4unil3JN/view?usp=sharing'),
('132', 'Fall 2004', 'Paul\'s Use of the Old Testament in Romans', '038', 'https://drive.google.com/file/d/1Iku3br5GbUG5sdRMAYR9eeiI2Khmmfo6/view'),
('133', 'Fall 2017', 'Philippians: Themes and Structure', '041', 'https://drive.google.com/file/d/1D_UV5-hdDVvGlavf_Xk7VdQXMgOGxSAF/view'),
('134', 'Spring 2014', 'Restructuring Honor in Roman Philippi', '047', 'https://drive.google.com/file/d/1x8P23KvQAzSQh-NRruV218ftf-DyB0C-/view'),
('135', 'Fall 2010', 'The Theology of Hebrews', '017', 'https://drive.google.com/file/d/1qXooTxBo6t1HGpu6W2ecgMoD45c8-RO8/view'),
('136', 'Spring 2010', 'The Theology of Galatians', '017', 'https://drive.google.com/file/d/1daKQ4Jnz7tF248YmZbYWn6PtrcsR2s3j/view?usp=sharing'),
('137', 'Fall 2015', 'The Catholic Epistles', '048', 'https://drive.google.com/file/d/15Ze17wqGXbBmi_V8OFf4VHneZvUie2Q8/view'),
('138', 'Spring 2009', 'The Epistle of James, Part I: Context and Background', '048', 'https://drive.google.com/file/d/1_587R9ScFtjAOkOcZeDV58E54yOkkdCC/view?usp=sharing'),
('139', 'Spring 2009', 'The Epistle of James, Part II: Strategies for Reading', '048', 'https://drive.google.com/file/d/17qFnHC6ceqIF3qcC0_HkuiYhACkZ-vEB/view?usp=sharing'),
('140', 'Spring 2024', 'Nearing the End: John\'s Apocalyptic Outlook in His “Revelation of Jesus Christ”', '041', 'https://drive.google.com/file/d/1ebZd17OnqRmJ7gWpt6cjCRtiAzJjHWGC/view?usp=sharing'),
('141', 'Spring 2005', 'On Revelation, Part I: Introduction', '049', 'https://drive.google.com/file/d/1Rwg4ySOYusN_a6cIuBn0gMyqKeODxHT_/view?usp=sharing'),
('142', 'Spring 2005', 'On Revelation, Part II: Chapters 1-11', '049', 'https://drive.google.com/file/d/1IP8-bJm-iLPzdbzqru5k-ga3PDItVuMa/view?usp=sharing'),
('143', 'Spring 2011', 'John Henry Newman: Priest, Theologian, and Educator', '021', 'https://drive.google.com/file/d/1CiHVqFmdwBDWR2Ye0nlEpvjiefRZlJp3/view?usp=sharing'),
('144', 'Spring 2002', 'Flannery O\'Connor: Southern Humor and Christian Symbolism', '008', 'https://drive.google.com/file/d/1WmRiYVbvXTAS-x-jvbi3SzWsOvXJ-bFl/view'),
('145', 'Fall 2008', 'Flannery O\'Connor and Jacques Maritain', '001', 'https://drive.google.com/file/d/1AgDx_EY4xZx0ID5DKMGZ41rvKR642sa3/view'),
('146', 'Fall 2022', 'A Reader\'s Guide to Leviticus', '001', 'https://drive.google.com/file/d/1BXkRBXC3PrvSzipV7Ga5O_N-W9rEBYAT/view?usp=sharing'),
('147', 'Spring 2011', 'King Saul, the Loser', '017', 'https://drive.google.com/file/d/1o8oLUQq4pAro7hW-ehE_MKMqOG9lSEDw/view?usp=sharing'),
('148', 'Spring 2013', 'The Book That Reads You: Proverbs and the Potential for Self-Knowledge', '001', 'https://drive.google.com/file/d/1BI-joUOL0vacCSTA9FioH0PWo3hiKMv6/view'),
('149', 'Spring 2002', 'Ecclesiastes: The Dark Side of Wisdom', '050', 'https://drive.google.com/file/d/12V_qFRel4336xkqXltXpZmltYP72fbbw/view'),
('150', 'Spring 2002', 'Job: Where Theology and Reality Meet', '051', 'https://drive.google.com/file/d/1jHZxETd4uuX4u3ZilF0-gsuh4Opr9dxR/view?usp=sharing'),
('151', 'Spring 2011', 'Singing the Psalms', '008', 'https://drive.google.com/file/d/1aUX0g6fspaFpneB88VGV4ATMtthPF4AJ/view'),
('152', 'Spring 2019', 'The Theological Anthropology of the Wisdom Literature', '014', 'https://drive.google.com/file/d/14Bh8h8mcrEhl141sNxHDCDwHstu_C3m7/view?usp=sharing'),
('153', 'Spring 2012', 'How to Read the Bible for All It\'s Worth—Out Loud: The Prophets', '001', 'https://drive.google.com/file/d/1tFj7CC-EeI9NRDT9CH5SY-QXAmmb9jU1/view'),
('154', 'Fall 2024', 'Reading Isaiah for Pleasure and Profit', '001', 'https://drive.google.com/file/d/1Xw76Y4skBtZJX5ZCQ84JjsES8_iWIN-6/view?usp=sharing'),
('155', 'Fall 2008', 'The Theology of Ezekiel', '017', 'https://drive.google.com/file/d/1PFGWuPF6eT_PFxSO-o8WIvwUzwgG3XIc/view'),
('156', 'Spring 2002', 'Who Weeps in Jeremiah 8:23?: Identifying Dramatic Speakers in the Poetry of Jeremiah', '008', 'https://drive.google.com/file/d/12q5f5aEUlcZkPiLPi-Mk0yxJ7yJ9p04Y/view?usp=sharing'),
('157', 'Fall 2013', 'Dissipation and Discipline in the Augustan Age: Ovid and His Time', '052', 'https://drive.google.com/file/d/1KzW3-nPP6Uhht3G_Un_BHh0NtYSfpmMD/view?usp=sharing'),
('158', 'Spring 2024', 'Is There a Cure for Metamorphobia?: Engaging with Ovid When We Don\'t Really Want To', '036', 'https://drive.google.com/file/d/1pptI_DM2QUFNLbcUEIuj-RUDpHvNF564/view'),
('159', 'Fall 2013', 'Baptism by Fire: The Work of the Holy Spirit in Pascal\'s Philosophy', '005', 'https://drive.google.com/file/d/1uese3twZPoCvvXfwrq9no1jIO5TSyM1D/view?usp=sharing'),
('160', 'Spring 2011', 'The Heart Has Reasons?: Pascal and the Tripartite Self', '005', 'https://drive.google.com/file/d/1xY5WhmF6Z9r4lNzzpW9WfBnJooFrDcf2/view'),
('161', 'Fall 2017', 'Is Socrates Dangerous?', '001', 'https://drive.google.com/file/d/1alEAUgE2S4UngFDj-kX0CLWTSQvYmTI1/view?usp=sharing'),
('162', 'Fall 2011', 'Piety and Sex: Thoughts on Symposium and Euthyphro', '011', 'https://drive.google.com/file/d/1v5YckVIJry5Hi-dWzZHfGlh1dEO64wHr/view'),
('163', 'Fall 2022', 'Plato\'s “Myth” of Er and Near Death Experience in History', '028', 'https://drive.google.com/file/d/1Mcz8bfjTdIAccsWK_AF58m5k9X6q3awi/view?usp=sharing'),
('164', 'Spring 2011', 'Plato\'s Symposium as a Spiritual Guidebook: A Survey of Its Influence', '017', 'https://drive.google.com/file/d/1kr7DqroCTmm9j_ELdhJafCPIjhFfzQOe/view'),
('165', 'Fall 2009', 'Plato\'s Timaeus: An Overview of Plato\'s Psychology', '011', 'https://drive.google.com/file/d/1SgxVMSWEseI1JYgODlz3DAz3RB05AnFd/view'),
('166', 'Fall 2008', 'That Most Biblical of Theologians: An Introduction to Denys the Areopagite, or Pseudo-Dionysius', '014', 'https://drive.google.com/file/d/1V9ANSJlgGLwnf_j1dimoiZdWdRkkXqUa/view'),
('167', 'Fall 2021', 'Sartre and the Christian Existentialists', '005', 'https://drive.google.com/file/d/1mb4OWXRYtZfA1pkz0hVUeGwC2Gjv6QdU/view?usp=sharing'),
('168', 'Spring 2004', 'A Little To-Do about Much Ado', '008', 'https://drive.google.com/file/d/1uCq2cNwqZQxdm0lgPNoyyfFt0HYC2mRL/view?usp=sharing'),
('169', 'Spring 2017', 'Hamlet as Lenten Entertainment', '007', 'https://drive.google.com/file/d/1apI2CqyNGaU04pebhNz0Z3n0fmDGmitU/view'),
('170', 'Spring 2025', 'Rend Your Heart: Lenten Lessons on Hypocrisy and Repentance from Hamlet', '007', 'https://drive.google.com/file/d/1PWujqBupaBcjZnMFJfkGI6hHVXWQl3ii/view?usp=drive_link'),
('171', 'Spring 2013', 'Shakespeare\'s Last Plays: The Tempest in Context', '026', 'https://drive.google.com/file/d/1_S5oLc6CBi717y3ilYBtT4qyL7muvp9O/view'),
('172', 'Fall 2016', 'Untimely Comes This Hurt: Reflections on Machiavelli and Shakespeare', '053', 'https://drive.google.com/file/d/1t7AISbFqKIv49Q0blGJqiYBoUsinkEF_/view?usp=sharing'),
('173', 'Spring 2024', 'Genesis and Frankenstein', '025', 'https://drive.google.com/file/d/1eEWc1WSl8t95dwiu9UDBQZvyFllnkDqa/view?usp=sharing'),
('174', 'Fall 2013', 'Edmund Spenser\'s Life and Work', '026', 'https://drive.google.com/file/d/1i5D2j61eCiuyM09WT21ONdTt7QmVG6yE/view'),
('175', 'Fall 2009', 'Symbolism in Spenser\'s Faerie Queene', '026', 'https://drive.google.com/file/d/18W_QSD3BnUDHHebfxfh0MgsSzplWxw7p/view?usp=sharing'),
('176', 'Fall 2016', 'Edmund Spenser and the Church of England', '021', 'https://drive.google.com/file/d/1-1tAhLOShRuUxYQS0CkTRJgsLYpKZ5VT/view?usp=sharing'),
('177', 'Fall 2011', 'Classical Rhetoric and Thucydides', '008', 'https://drive.google.com/file/d/1Y7ApgYmW2UBdxBg2i-iyxWiMfCODPzn-/view?usp=sharing'),
('178', 'Fall 2008', 'Thucydides: Understanding the Peloponnesian War', '054', 'https://drive.google.com/file/d/1_2Qhnfd4NqXLK5kt7xLA9KI2TwSAVIkX/view?usp=sharing'),
('179', 'Fall 2024', 'Tocqueville and the Tortuous 2024 US Election', '055', 'https://drive.google.com/file/d/15KtEwEumywbgaV2iE9KtCiIvTeC9n6Ic/view?usp=drive_link'),
('180', 'Spring 2017', 'Books Can Save Your Life: Levin and the Russian Slavophiles', '021', 'https://drive.google.com/file/d/1LcM0lDwJJA6-stIet7kffgzmdYORhU4N/view'),
('181', 'Spring 2022', 'Reconciling Duty and Desire: Vocation in the Aeneid', '006', 'https://drive.google.com/file/d/1OuV7QbxgkK1D-MX8H1B130Io0ap37Wr5/view'),
('182', 'Fall 2014', 'Wordsworth and The Prelude', '008', 'https://drive.google.com/file/d/1pvkB4kxr04vU-kDrnNtOhLwH3sdbA8UL/view');



Create table book_lectures
(
book_id char(8) not null, 
lecture_id char(3) not null,
CONSTRAINT book_fk2 FOREIGN KEY (book_id) REFERENCES Book(id),
CONSTRAINT lecture_fk FOREIGN KEY(lecture_id) REFERENCES lectures(id)
)

Engine=innodb;

insert into book_lectures values
('ANSWHYGO', '000'),
('ANSWHYGO', '001'),
('ANSWHYGO', '002'),
('ARINICOM', '003'),
('BACNEWOR', '004'),
('ARIPHYSI', '004'),
('ARIPHYSI', '005'),
('ARINICOM', '005'),
('CICONTHE', '005'),
('AUSPRIDE', '006'),
('ARINICOM', '006'),
('WOLVINDI', '006'),
('PLATIMAE', '007'),
('AUGCONFE', '007'),
('AUGONCHR', '007'),
('AUGCITYO', '007'),
('MILPARAD', '007'),
('DARORIGI', '007'),
('AUGCONFE', '008'),
('AUGONCHR', '008'),
('AUGCITYO', '008'),
('ARINICOM', '008'),
('ARINICOM', '009'),
('ARINICOM', '010'),
('ARIPHYSI', '011'),
('ARINICOM', '012'),
('ARIPHYSI', '013'),
('ATHONTHE', '014'),
('GREONGOD', '014'),
('ATHONTHE', '015'),
('ATHONTHE', '016'),
('AESOREST', '017'),
('AQUONNAT', '018'),
('AUGCONFE', '018'),
('AUGONCHR', '018'),
('AUGCITYO', '018'),
('AUGCITYO', '019'),
('AUGCITYO', '020'),
('AUGCONFE', '021'),
('AUGCITYO', '022'),
('AQUTREAT', '022'),
('AUGCONFE', '023'),
('AUGONCHR', '023'),
('AUGCITYO', '023'),
('AURMEDIT', '024'),
('AUSPRIDE', '025'),
('AUSPRIDE', '026'),
('AUSPRIDE', '027'),
('AQUONNAT', '028'),
('AQUTREAT', '028'),
('AQUONNAT', '029'),
('AQUTREAT', '029'),
('AQUTREAT', '030'),
('AQUONNAT', '031'),
('DANINFER', '031'),
('DANPARAD', '031'),
('DANPURGA', '031'),
('AQUONNAT', '032'),
('AQUTREAT', '032'),
('AQUONNAT', '033'),
('AQUTREAT', '033'),
('AQUONNAT', '034'),
('AQUTREAT', '034'),
('AQUONNAT', '035'),
('AQUTREAT', '035'),
('AQUONNAT', '036'),
('AQUONNAT', '027'),
('AQUTREAT', '027'),
('AQUONNAT', '010'),
('AQUTREAT', '010'),
('DANINFER', '038'),
('DANPARAD', '038'),
('DANPURGA', '038'),
('BERONLOV', '038'),
('BERONLOV', '039'),
('BERONLOV', '040'),
('BOECONSO', '041'),
('BOECONSO', '042'),
('BROJANEE', '043'),
('BROJANEE', '044'),
('BURREFLE', '046'),
('BURREFLE', '047'),
('BURREFLE', '048'),
('BURREFLE', '049'),
('CALINSTI', '050'),
('CALINSTI', '051'),
('CHACANTE', '052'),
('DANINFER', '053'),
('DANPARAD', '053'),
('DANPURGA', '053'),
('DANINFER', '054'),
('DANPARAD', '054'),
('DANPURGA', '054'),
('DANPARAD', '055'),
('DANPURGA', '055'),
('DANINFER', '043'),
('DANPARAD', '043'),
('DANPURGA', '043'),
('DANPURGA', '056'),
('DANPURGA', '057'),
('DANINFER', '058'),
('DANPARAD', '058'),
('DANPURGA', '058'),
('ELIFOURQ', '058'),
('DANPURGA', '059'),
('DARORIGI', '060'),
('UNKDECLA', '061'),
('UNKFEDER', '061'),
('UNKDECLA', '062'),
('DESMEDIT', '063'),
('DESMEDIT', '064'),
('DESMEDIT', '065'),
('ELIFOURQ', '066'),
('LEWABOLI', '066'),
('DONCOMPL', '066'),
('HERCOMPL', '066'),
('DONCOMPL', '032'),
('DONCOMPL', '068'),
('DONCOMPL', '069'),
('SHAKINGL', '070'),
('DOUPORTA', '070'),
('DOSBROTH', '071'), 
('DOSBROTH', '072'), 
('DOSBROTH', '073'), 
('DUBSOULS', '074'),
('EURBACCH', '078'),
('EURBACCH', '079'),
('UNKROMAN', '079'),
('UNK1CORI', '079'),
('UNK2CORI', '079'),
('UNKGALAT', '079'), 
('UNKEPHES', '079'),
('UNKPHILI', '079'),
('UNKCOLOS', '079'),
('UNK1THES', '079'),
('UNK2THES', '079'),
('UNK1TIMO', '079'),
('UNK2TIMO', '079'),
('UNKTITUS', '079'),
('UNKPHILE', '079'),
('EURBACCH', '080'),
('UNKFEDER', '081'),
('UNKFEDER', '082'), 
('GREONGOD', '083'),
('GREONGOD', '084'),
('UNKHEIDE', '085'),
('HERCOMPL', '086'), 
('HOMILIAD', '087'),
('HOMODYSS', '087'),
('HOMILIAD', '088'),
('HOMODYSS', '088'),
('HOMILIAD', '089'),
('HOMODYSS', '089'),
('HUMANENQ', '090'),
('HUMANENQ', '091'),
('IREONTHE', '092'),
('IREONTHE', '093'),
('JOHHISTO', '094'),
('JUSFIRST', '095'),
('KIEFEARA', '096'),
('LEWABOLI', '097'),
('LEWABOLI', '098'),
('LEWABOLI', '099'),
('LEWABOLI', '078'),
('LEWABOLI', '012'),
('LEWABOLI', '100'),
('LEWABOLI', '101'),
('LEWABOLI', '102'),
('LEWABOLI', '103'),
('LOCSECON', '104'),
('LOCSECON', '105'),
('LUTSELEC', '106'),
('LUTSELEC', '107'),
('LUTSELEC', '059'),
('MELMOBYD', '108'),
('MELMOBYD', '109'),
('SHAHENRY', '110'),
('SHARICHA', '110'),
('SHAASYOU', '110'),
('SHAMIDSU', '110'),
('SHAHAMLE', '110'),
('SHAKINGL', '110'),
('SHAMACBE', '110'),
('SHATEMPE', '110'),
('MILPARAD', '110'),
('KINTESTA', '111'),
('KINTESTA', '112'),
('UNKHEBRE', '113'),
('UNKROMAN', '113'),
('UNKJAMES', '113'),
('UNKGALAT', '113'),
('UNKEPHES', '113'),
('UNK1TIMO', '113'),
('UNK2TIMO', '113'),
('UNKTITUS', '113'),
('UNK1CORI', '113'),
('UNKMATTH', '113'),
('UNKMARKX', '113'),
('UNKLUKEX', '113'),
('UNKACTSX', '113'),
('UNK1THES', '113'),
('UNK2THES', '113'),
('UNKCOLOS', '113'),
('UNKPHILE', '113'),
('UNKJOHNX', '113'),
('UNK1PETE', '113'),
('UNK2PETE', '113'),
('UNKJUDEX', '113'),
('UNK1JOHN', '113'),
('UNK2JOHN', '113'),
('UNK3JOHN', '113'),
('UNK2CORI', '113'),
('UNKPHILI', '113'),
('UNKREVEL', '113'),
('UNKHEBRE', '114'),
('UNKROMAN', '114'),
('UNKJAMES', '114'),
('UNKGALAT', '114'),
('UNKEPHES', '114'),
('UNK1TIMO', '114'),
('UNK2TIMO', '114'),
('UNKTITUS', '114'),
('UNK1CORI', '114'),
('UNKMATTH', '114'),
('UNKMARKX', '114'),
('UNKLUKEX', '114'),
('UNKACTSX', '114'),
('UNK1THES', '114'),
('UNK2THES', '114'),
('UNKCOLOS', '114'),
('UNKPHILE', '114'),
('UNKJOHNX', '114'),
('UNK1PETE', '114'),
('UNK2PETE', '114'),
('UNKJUDEX', '114'),
('UNK1JOHN', '114'),
('UNK2JOHN', '114'),
('UNK3JOHN', '114'),
('UNK2CORI', '114'),
('UNKPHILI', '114'),
('UNKREVEL', '114'),
('UNKMATTH', '115'),
('UNKMARKX', '115'),
('UNKLUKEX', '115'),
('UNKMATTH', '116'),
('UNKMARKX', '116'),
('UNKLUKEX', '117'),
('UNKJOHNX', '117'),
('UNKJOHNX', '118'),
('UNKMATTH', '119'),
('UNKMARKX', '119'),
('UNKLUKEX', '119'),
('UNKJOHNX', '119'),
('UNKMATTH', '120'),
('UNKMARKX', '120'),
('UNKLUKEX', '120'),
('UNKJOHNX', '121'),
('UNKACTSX', '122'),
('UNKMATTH', '123'),
('UNKMARKX', '123'),
('UNKLUKEX', '123'),
('UNKJOHNX', '123'),
('UNKMATTH', '124'),
('UNKLUKEX', '124'),
('UNKMATTH', '125'),
('UNKMARKX', '125'),
('UNKLUKEX', '125'),
('UNKJOHNX', '125'),
('UNKEPHES', '126'),
('UNKPHILI', '127'),
('UNKPHILI', '128'),
('UNKROMAN', '129'),
('UNKROMAN', '130'),
('UNK1CORI', '130'),
('UNK2CORI', '130'),
('UNKGALAT', '130'), 
('UNKEPHES', '130'),
('UNKPHILI', '130'),
('UNKCOLOS', '130'),
('UNK1THES', '130'),
('UNK2THES', '130'),
('UNK1TIMO', '130'),
('UNK2TIMO', '130'),
('UNKTITUS', '130'),
('UNKPHILE', '130'),
('UNKPHILE', '131'),
('UNKROMAN', '132'),
('UNKPHILI', '133'),
('UNKPHILI', '134'),
('UNKHEBRE', '135'),
('UNKGALAT', '126'),
('UNKJAMES', '137'),
('UNK1JOHN', '137'),
('UNK2JOHN', '137'),
('UNK3JOHN', '137'),
('UNK1PETE', '137'),
('UNK2PETE', '137'),
('UNKJUDEX', '137'),
('UNKJAMES', '138'),
('UNKJAMES', '139'),
('UNKREVEL', '140'),
('UNKREVEL', '141'),
('UNKREVEL', '142'),
('NEWIDEAO', '143'),
('NEWIDEAO', '059'),
('OCOCOMPL', '144'),
('OCOCOMPL', '145'),
('UNKLEVIT', '146'),
('UNK1SAMU', '147'),
('UNK2SAMU', '147'),
('UNKPROVE', '148'),
('UNKECCLE', '149'),
('UNKJOBXX', '150'),
('UNKPSALM', '151'),
('UNKPROVE', '152'),
('UNKECCLE', '152'),
('UNKJOBXX', '152'),
('UNKISAIA', '153'),
('UNKEZEKI', '153'),
('UNKDANIE', '153'),
('UNKISAIA', '154'),
('UNKEZEKI', '155'),
('OVIMETAM', '157'),
('OVIMETAM', '158'),
('PASPENSE', '159'),
('PASPENSE', '160'),
('PLAMENOX', '161'),
('PLASYMPO', '161'),
('PLAREPUB', '161'),
('PLATIMAE', '161'),
('PLAPHAED', '161'),
('PLAPHAED', '162'),
('PLASYMPO', '162'),
('PLAREPUB', '163'),
('PLASYMPO', '164'),
('PLATIMAE', '165'),
('SHAHAMLE', '169'),
('SHAHAMLE', '170'),
('SHATEMPE', '171'),
('SHAHAMLE', '172'),
('SHAKINGL', '172'),
('SHAMACBE', '172'),
('SHAHAMLE', '057'),
('UNKGENES', '173'),
('SHEFRANK', '173'),
('SPEFAERI', '174'),
('SPEFAERI', '175'),
('SPEFAERI', '176'),
('THUHISTO', '177'),
('THUHISTO', '178'),
('TOCDEMOC', '179'),
('TOLANNAK', '180'),
('VIRAENEI', '181'),
('WOLVINDI', '149'),
('WORSELEC', '182');
